block_number,experimental_condition,belief_id,critique_id,mc_id,task_type,task_id,response_1,reaction_time_1,response_2,reaction_time_2,response_3,age,gender,education_level (third grade),social_media_hours (daily),verbal_intelligence (self-perceived),participant_identification
1,F,F11,F11,F11,Insight,I7,correct,53.5176399,Dat kan enekl voor dieren die hier  aan aangepast zijn.,83.0886276,4,18,Vrouw,ASO/doorstroomfinaliteit,3-4 uren,Boven gemiddeld,57275999-1a72-463e-a8d0-508dc59d1548
1,F,F4,F4,F4,RAT,R10,correct,29.2952811,b ijten,20.0092867,7,18,Vrouw,ASO/doorstroomfinaliteit,3-4 uren,Boven gemiddeld,57275999-1a72-463e-a8d0-508dc59d1548
1,F,F8,F8,F8,RAT,R11,incorrect,49.4294649,douane,8.2470418,4,18,Vrouw,ASO/doorstroomfinaliteit,3-4 uren,Boven gemiddeld,57275999-1a72-463e-a8d0-508dc59d1548
1,F,F6,F6,F6,RAT,R1,incorrect,36.2864511,feest,7.5172697,4,18,Vrouw,ASO/doorstroomfinaliteit,3-4 uren,Boven gemiddeld,57275999-1a72-463e-a8d0-508dc59d1548
2,F,F5,F5,F5,RAT,R2,incorrect,42.4365208,kaashoeve,11.0837299,7,18,Vrouw,ASO/doorstroomfinaliteit,3-4 uren,Boven gemiddeld,57275999-1a72-463e-a8d0-508dc59d1548
2,F,F10,F10,F10,RAT,R7,correct,27.4800039,verkleedkast,18.6659357,4,18,Vrouw,ASO/doorstroomfinaliteit,3-4 uren,Boven gemiddeld,57275999-1a72-463e-a8d0-508dc59d1548
2,F,F2,F2,F2,Insight,I1,correct,25.6188468,Hij is beschermd tegen on gevallen door zijn kledij.,33.6028454,4,18,Vrouw,ASO/doorstroomfinaliteit,3-4 uren,Boven gemiddeld,57275999-1a72-463e-a8d0-508dc59d1548
2,F,F12,F12,F12,Insight,I11,incorrect,25.1893226,een trap,14.2050874,4,18,Vrouw,ASO/doorstroomfinaliteit,3-4 uren,Boven gemiddeld,57275999-1a72-463e-a8d0-508dc59d1548
3,DFU,DFU5,DFU5,DFU5,Insight,I12,correct,24.9911401,vuur,15.4013691,1,18,Vrouw,ASO/doorstroomfinaliteit,3-4 uren,Boven gemiddeld,57275999-1a72-463e-a8d0-508dc59d1548
3,DFU,DFU3,DFU3,DFU3,Insight,I4,incorrect,30.4414098,leettter m,20.3557282,2,18,Vrouw,ASO/doorstroomfinaliteit,3-4 uren,Boven gemiddeld,57275999-1a72-463e-a8d0-508dc59d1548
3,DFU,DFU12,DFU12,DFU12,RAT,R4,correct,22.7193472,water,12.9234026,2,18,Vrouw,ASO/doorstroomfinaliteit,3-4 uren,Boven gemiddeld,57275999-1a72-463e-a8d0-508dc59d1548
3,DFU,DFU2,DFU2,DFU2,Insight,I10,correct,42.6752371,Je laat de 7 minuten zandloper 2 keer lopen.,53.6302213,3,18,Vrouw,ASO/doorstroomfinaliteit,3-4 uren,Boven gemiddeld,57275999-1a72-463e-a8d0-508dc59d1548
4,DFU,DFU7,DFU7,DFU7,Insight,I8,correct,32.1297309,"coach>
Hem>Ruben >Marit",51.5090138,1,18,Vrouw,ASO/doorstroomfinaliteit,3-4 uren,Boven gemiddeld,57275999-1a72-463e-a8d0-508dc59d1548
4,DFU,DFU9,DFU9,DFU9,RAT,R5,correct,37.1130838,goudvis,13.332837,7,18,Vrouw,ASO/doorstroomfinaliteit,3-4 uren,Boven gemiddeld,57275999-1a72-463e-a8d0-508dc59d1548
4,DFU,DFU8,DFU8,DFU8,RAT,R3,incorrect,36.2597494,knutselen,13.4539914,4,18,Vrouw,ASO/doorstroomfinaliteit,3-4 uren,Boven gemiddeld,57275999-1a72-463e-a8d0-508dc59d1548
4,DFU,DFU1,DFU1,DFU1,RAT,R12,correct,33.517155,sc hoonmaken,10.8700079,7,18,Vrouw,ASO/doorstroomfinaliteit,3-4 uren,Boven gemiddeld,57275999-1a72-463e-a8d0-508dc59d1548
5,F,F3,F3,F3,RAT,R9,correct,28.0902549,brooddoos,11.9899103,4,18,Vrouw,ASO/doorstroomfinaliteit,3-4 uren,Boven gemiddeld,57275999-1a72-463e-a8d0-508dc59d1548
5,F,F1,F1,F1,Insight,I6,correct,19.3198473,Hij is aan het lezen in zijn dromen.,30.1884978,7,18,Vrouw,ASO/doorstroomfinaliteit,3-4 uren,Boven gemiddeld,57275999-1a72-463e-a8d0-508dc59d1548
5,F,F9,F9,F9,Insight,I5,correct,12.4465692,lucht,20.3881339,1,18,Vrouw,ASO/doorstroomfinaliteit,3-4 uren,Boven gemiddeld,57275999-1a72-463e-a8d0-508dc59d1548
5,F,F7,F7,F7,Insight,I9,correct,15.1652376,"Omdat keizers voor Jezus niet bestonden, ze zijn ontstaan door de katholieke kerk.",57.6243708,4,18,Vrouw,ASO/doorstroomfinaliteit,3-4 uren,Boven gemiddeld,57275999-1a72-463e-a8d0-508dc59d1548
6,DFU,DFU6,DFU6,DFU6,RAT,R8,incorrect,24.1378095,damp,12.1210645,1,18,Vrouw,ASO/doorstroomfinaliteit,3-4 uren,Boven gemiddeld,57275999-1a72-463e-a8d0-508dc59d1548
6,DFU,DFU4,DFU4,DFU4,Insight,I2,correct,31.0470493,bergen,37.3857485,4,18,Vrouw,ASO/doorstroomfinaliteit,3-4 uren,Boven gemiddeld,57275999-1a72-463e-a8d0-508dc59d1548
6,DFU,DFU11,DFU11,DFU11,RAT,R6,correct,40.2743966,living,13.7529869,7,18,Vrouw,ASO/doorstroomfinaliteit,3-4 uren,Boven gemiddeld,57275999-1a72-463e-a8d0-508dc59d1548
6,DFU,DFU10,DFU10,DFU10,Insight,I3,correct,45.2608628,een hart,7.104908,2,18,Vrouw,ASO/doorstroomfinaliteit,3-4 uren,Boven gemiddeld,57275999-1a72-463e-a8d0-508dc59d1548