block_number,experimental_condition,belief_id,critique_id,mc_id,task_type,task_id,response_1,reaction_time_1,response_2,reaction_time_2,response_3,age,gender,education_level (third grade),social_media_hours (daily),verbal_intelligence (self-perceived),participant_identification
1,DFU,DFU1,DFU1,DFU1,RAT,R2,correct,44.760296099993866,nederlqnd,18.675339900015388,3,18,Vrouw,ASO/doorstroomfinaliteit,2-3 uren,Boven gemiddeld,a78c4564-8cf5-4f36-9ec6-5dee248b0510
1,DFU,DFU8,DFU8,DFU8,Insight,I11,incorrect,49.888263100001495,een cijfer,60.36643650001497,7,18,Vrouw,ASO/doorstroomfinaliteit,2-3 uren,Boven gemiddeld,a78c4564-8cf5-4f36-9ec6-5dee248b0510
1,DFU,DFU9,DFU9,DFU9,RAT,R9,correct,32.08812489997945,ontbijt,9.730589300015708,1,18,Vrouw,ASO/doorstroomfinaliteit,2-3 uren,Boven gemiddeld,a78c4564-8cf5-4f36-9ec6-5dee248b0510
1,DFU,DFU11,DFU11,DFU11,RAT,R10,correct,51.5358917999838,hondenschool,14.951802299998235,7,18,Vrouw,ASO/doorstroomfinaliteit,2-3 uren,Boven gemiddeld,a78c4564-8cf5-4f36-9ec6-5dee248b0510
2,F,F1,F1,F1,RAT,R8,correct,29.93837370001711,vuur,12.679196799988858,4,18,Vrouw,ASO/doorstroomfinaliteit,2-3 uren,Boven gemiddeld,a78c4564-8cf5-4f36-9ec6-5dee248b0510
2,F,F5,F5,F5,Insight,I8,correct,37.01522020000266,Hem > Hij > Ruben > Marit,83.65210619999561,1,18,Vrouw,ASO/doorstroomfinaliteit,2-3 uren,Boven gemiddeld,a78c4564-8cf5-4f36-9ec6-5dee248b0510
2,F,F9,F9,F9,Insight,I10,correct,42.47484379998059,tel tot 60 en drqqi de 7 minuut zandloper 2 keer,68.5787581000186,4,18,Vrouw,ASO/doorstroomfinaliteit,2-3 uren,Boven gemiddeld,a78c4564-8cf5-4f36-9ec6-5dee248b0510
2,F,F10,F10,F10,RAT,R4,correct,43.54133750000619,nqtuur,16.720183299999917,4,18,Vrouw,ASO/doorstroomfinaliteit,2-3 uren,Boven gemiddeld,a78c4564-8cf5-4f36-9ec6-5dee248b0510
3,F,F3,F3,F3,Insight,I1,correct,38.90615059999982,No Response,0.01713640001253225,7,18,Vrouw,ASO/doorstroomfinaliteit,2-3 uren,Boven gemiddeld,a78c4564-8cf5-4f36-9ec6-5dee248b0510
3,F,F11,F11,F11,Insight,I5,correct,38.0263655000017,de wc vqn een vliegtuig,21.823603099997854,4,18,Vrouw,ASO/doorstroomfinaliteit,2-3 uren,Boven gemiddeld,a78c4564-8cf5-4f36-9ec6-5dee248b0510
3,F,F6,F6,F6,RAT,R1,correct,27.45722830001614,No Response,0.021842700021807104,4,18,Vrouw,ASO/doorstroomfinaliteit,2-3 uren,Boven gemiddeld,a78c4564-8cf5-4f36-9ec6-5dee248b0510
3,F,F8,F8,F8,Insight,I12,incorrect,23.984382700000424,computer,44.19373070000438,7,18,Vrouw,ASO/doorstroomfinaliteit,2-3 uren,Boven gemiddeld,a78c4564-8cf5-4f36-9ec6-5dee248b0510
4,DFU,DFU7,DFU7,DFU7,Insight,I7,correct,26.27460050000809,bevroren,15.796786599996267,7,18,Vrouw,ASO/doorstroomfinaliteit,2-3 uren,Boven gemiddeld,a78c4564-8cf5-4f36-9ec6-5dee248b0510
4,DFU,DFU12,DFU12,DFU12,RAT,R12,correct,54.327961500006495,vuurkorf,16.183457600011025,4,18,Vrouw,ASO/doorstroomfinaliteit,2-3 uren,Boven gemiddeld,a78c4564-8cf5-4f36-9ec6-5dee248b0510
4,DFU,DFU6,DFU6,DFU6,Insight,I2,correct,57.5402052999998,land,12.60567279998213,4,18,Vrouw,ASO/doorstroomfinaliteit,2-3 uren,Boven gemiddeld,a78c4564-8cf5-4f36-9ec6-5dee248b0510
4,DFU,DFU3,DFU3,DFU3,Insight,I6,correct,43.083655700000236,braille,12.388211300014518,7,18,Vrouw,ASO/doorstroomfinaliteit,2-3 uren,Boven gemiddeld,a78c4564-8cf5-4f36-9ec6-5dee248b0510
5,F,F7,F7,F7,RAT,R7,correct,21.372943299997132,ooievaar,16.18760919998749,4,18,Vrouw,ASO/doorstroomfinaliteit,2-3 uren,Boven gemiddeld,a78c4564-8cf5-4f36-9ec6-5dee248b0510
5,F,F4,F4,F4,RAT,R5,correct,48.61412799998652,pqrkiet,11.710496500018053,1,18,Vrouw,ASO/doorstroomfinaliteit,2-3 uren,Boven gemiddeld,a78c4564-8cf5-4f36-9ec6-5dee248b0510
5,F,F12,F12,F12,RAT,R3,correct,26.406171000009635,sneeuw,7.221227600006387,4,18,Vrouw,ASO/doorstroomfinaliteit,2-3 uren,Boven gemiddeld,a78c4564-8cf5-4f36-9ec6-5dee248b0510
5,F,F2,F2,F2,Insight,I9,correct,21.795378200011328,er moet v C stqaan,70.93725360001554,7,18,Vrouw,ASO/doorstroomfinaliteit,2-3 uren,Boven gemiddeld,a78c4564-8cf5-4f36-9ec6-5dee248b0510
6,DFU,DFU5,DFU5,DFU5,Insight,I4,correct,36.09370180001133,No Response,24.487682700011646,4,18,Vrouw,ASO/doorstroomfinaliteit,2-3 uren,Boven gemiddeld,a78c4564-8cf5-4f36-9ec6-5dee248b0510
6,DFU,DFU4,DFU4,DFU4,RAT,R6,correct,31.637106800015317,bar,10.110903799999505,4,18,Vrouw,ASO/doorstroomfinaliteit,2-3 uren,Boven gemiddeld,a78c4564-8cf5-4f36-9ec6-5dee248b0510
6,DFU,DFU10,DFU10,DFU10,RAT,R11,correct,30.010355800011894,gym,6.956082399992738,1,18,Vrouw,ASO/doorstroomfinaliteit,2-3 uren,Boven gemiddeld,a78c4564-8cf5-4f36-9ec6-5dee248b0510
6,DFU,DFU2,DFU2,DFU2,Insight,I3,correct,30.643153600016376,een ei,15.323807299981127,4,18,Vrouw,ASO/doorstroomfinaliteit,2-3 uren,Boven gemiddeld,a78c4564-8cf5-4f36-9ec6-5dee248b0510
