block_number,experimental_condition,belief_id,critique_id,mc_id,task_type,task_id,response_1,reaction_time_1,response_2,reaction_time_2,response_3,age,gender,education_level (third grade),social_media_hours (daily),verbal_intelligence (self-perceived),participant_identification
1,DFU,DFU4,DFU4,DFU4,Insight,I8,correct,73.4199562,ruben marit coach,120.0123053,7,18,Vrouw,ASO/doorstroomfinaliteit,3-4 uren,Hoog,fe393a61-6fbc-465e-91f2-c2bf05aab010
1,DFU,DFU2,DFU2,DFU2,RAT,R6,incorrect,-38.136364,bure,20.0059338,7,18,Vrouw,ASO/doorstroomfinaliteit,3-4 uren,Hoog,fe393a61-6fbc-465e-91f2-c2bf05aab010
1,DFU,DFU12,DFU12,DFU12,Insight,I12,incorrect,-34.9429778,een plant,45.0696776,4,18,Vrouw,ASO/doorstroomfinaliteit,3-4 uren,Hoog,fe393a61-6fbc-465e-91f2-c2bf05aab010
1,DFU,DFU6,DFU6,DFU6,RAT,R3,correct,34.5617511,assecoire,15.6681046,1,18,Vrouw,ASO/doorstroomfinaliteit,3-4 uren,Hoog,fe393a61-6fbc-465e-91f2-c2bf05aab010
2,DFU,DFU9,DFU9,DFU9,RAT,R9,correct,29.6138107,chirurg,15.7850946,4,18,Vrouw,ASO/doorstroomfinaliteit,3-4 uren,Hoog,fe393a61-6fbc-465e-91f2-c2bf05aab010
2,DFU,DFU3,DFU3,DFU3,Insight,I5,correct,29.2965414,lucht,61.6693755,7,18,Vrouw,ASO/doorstroomfinaliteit,3-4 uren,Hoog,fe393a61-6fbc-465e-91f2-c2bf05aab010
2,DFU,DFU8,DFU8,DFU8,Insight,I10,incorrect,48.716911,Je telt dubbel met de andloper,108.5448859,6,18,Vrouw,ASO/doorstroomfinaliteit,3-4 uren,Hoog,fe393a61-6fbc-465e-91f2-c2bf05aab010
2,DFU,DFU10,DFU10,DFU10,RAT,R12,incorrect,51.6641794,openhaart,19.0508437,4,18,Vrouw,ASO/doorstroomfinaliteit,3-4 uren,Hoog,fe393a61-6fbc-465e-91f2-c2bf05aab010
3,F,F8,F8,F8,RAT,R10,correct,45.1991917,enthousias,20.0135387,7,18,Vrouw,ASO/doorstroomfinaliteit,3-4 uren,Hoog,fe393a61-6fbc-465e-91f2-c2bf05aab010
3,F,F12,F12,F12,RAT,R1,correct,40.9902478,bier,9.0048835,4,18,Vrouw,ASO/doorstroomfinaliteit,3-4 uren,Hoog,fe393a61-6fbc-465e-91f2-c2bf05aab010
3,F,F9,F9,F9,Insight,I1,correct,39.4238916,Hij valt  op zijn handpalm en voetzool.,60.1858201,4,18,Vrouw,ASO/doorstroomfinaliteit,3-4 uren,Hoog,fe393a61-6fbc-465e-91f2-c2bf05aab010
3,F,F4,F4,F4,RAT,R7,correct,42.8324509,No Response,17.4639946,4,18,Vrouw,ASO/doorstroomfinaliteit,3-4 uren,Hoog,fe393a61-6fbc-465e-91f2-c2bf05aab010
4,DFU,DFU7,DFU7,DFU7,RAT,R4,correct,49.3880252,bloei,13.5781198,1,18,Vrouw,ASO/doorstroomfinaliteit,3-4 uren,Hoog,fe393a61-6fbc-465e-91f2-c2bf05aab010
4,DFU,DFU1,DFU1,DFU1,RAT,R11,incorrect,48.8435779,balanseren,13.5514607,4,18,Vrouw,ASO/doorstroomfinaliteit,3-4 uren,Hoog,fe393a61-6fbc-465e-91f2-c2bf05aab010
4,DFU,DFU5,DFU5,DFU5,Insight,I6,incorrect,44.9161801,"Er  zordt niet gezegd  dat hij in een donker kamer zit, dus het kan net zo goed zijn dat er een lampje brand en hij zo kan lezen. Het  kan ook zo zijn dat hij in een duister sfeer leest.",103.1568269,6,18,Vrouw,ASO/doorstroomfinaliteit,3-4 uren,Hoog,fe393a61-6fbc-465e-91f2-c2bf05aab010
4,DFU,DFU11,DFU11,DFU11,Insight,I4,incorrect,52.5096197,Een  nul,92.2282893,7,18,Vrouw,ASO/doorstroomfinaliteit,3-4 uren,Hoog,fe393a61-6fbc-465e-91f2-c2bf05aab010
5,F,F3,F3,F3,Insight,I3,correct,47.977291,een hart,13.2200514,4,18,Vrouw,ASO/doorstroomfinaliteit,3-4 uren,Hoog,fe393a61-6fbc-465e-91f2-c2bf05aab010
5,F,F1,F1,F1,RAT,R5,correct,58.5341065,goud,9.3706537,4,18,Vrouw,ASO/doorstroomfinaliteit,3-4 uren,Hoog,fe393a61-6fbc-465e-91f2-c2bf05aab010
5,F,F2,F2,F2,RAT,R2,correct,22.7908265,nederland,19.1887201,4,18,Vrouw,ASO/doorstroomfinaliteit,3-4 uren,Hoog,fe393a61-6fbc-465e-91f2-c2bf05aab010
5,F,F7,F7,F7,Insight,I9,incorrect,52.2717527,kan niet met voor christus,29.5945727,2,18,Vrouw,ASO/doorstroomfinaliteit,3-4 uren,Hoog,fe393a61-6fbc-465e-91f2-c2bf05aab010
6,F,F5,F5,F5,Insight,I2,correct,23.2284625,de woestijn,84.2396752,3,18,Vrouw,ASO/doorstroomfinaliteit,3-4 uren,Hoog,fe393a61-6fbc-465e-91f2-c2bf05aab010
6,F,F10,F10,F10,Insight,I7,correct,22.1430847,Door een pad te volgen dat over de meer gaat.,95.8186072,3,18,Vrouw,ASO/doorstroomfinaliteit,3-4 uren,Hoog,fe393a61-6fbc-465e-91f2-c2bf05aab010
6,F,F11,F11,F11,RAT,R8,correct,33.817976,regen,13.1034494,3,18,Vrouw,ASO/doorstroomfinaliteit,3-4 uren,Hoog,fe393a61-6fbc-465e-91f2-c2bf05aab010
6,F,F6,F6,F6,Insight,I11,correct,38.850002,temperatuur,25.1879257,6,18,Vrouw,ASO/doorstroomfinaliteit,3-4 uren,Hoog,fe393a61-6fbc-465e-91f2-c2bf05aab010