block_number,experimental_condition,belief_id,critique_id,mc_id,task_type,task_id,response_1,reaction_time_1,response_2,reaction_time_2,response_3,age,gender,education_level (third grade),social_media_hours (daily),verbal_intelligence (self-perceived),participant_identification
1,DFU,DFU5,DFU5,DFU5,RAT,R7,incorrect,80.3071071,blad,20.005159,4,19,Vrouw,ASO/doorstroomfinaliteit,3-4 uren,Gemiddeld,046dc4dc-a5c8-45b1-bf8d-f0ba0afca39b
1,DFU,DFU12,DFU12,DFU12,RAT,R12,correct,83.2053428,mijnwerker,13.8222443,4,19,Vrouw,ASO/doorstroomfinaliteit,3-4 uren,Gemiddeld,046dc4dc-a5c8-45b1-bf8d-f0ba0afca39b
1,DFU,DFU6,DFU6,DFU6,Insight,I11,correct,71.8738108,de temperatuur,56.4973026,6,19,Vrouw,ASO/doorstroomfinaliteit,3-4 uren,Gemiddeld,046dc4dc-a5c8-45b1-bf8d-f0ba0afca39b
1,DFU,DFU4,DFU4,DFU4,RAT,R6,incorrect,38.0277636,schuiven,18.2650156,7,19,Vrouw,ASO/doorstroomfinaliteit,3-4 uren,Gemiddeld,046dc4dc-a5c8-45b1-bf8d-f0ba0afca39b
2,F,F2,F2,F2,Insight,I10,correct,28.3089444,No Response,120.0120909,4,19,Vrouw,ASO/doorstroomfinaliteit,3-4 uren,Gemiddeld,046dc4dc-a5c8-45b1-bf8d-f0ba0afca39b
2,F,F10,F10,F10,RAT,R4,correct,46.1875369,domino,13.265796,3,19,Vrouw,ASO/doorstroomfinaliteit,3-4 uren,Gemiddeld,046dc4dc-a5c8-45b1-bf8d-f0ba0afca39b
2,F,F7,F7,F7,Insight,I4,correct,37.8720543,de letter m,23.8567306,6,19,Vrouw,ASO/doorstroomfinaliteit,3-4 uren,Gemiddeld,046dc4dc-a5c8-45b1-bf8d-f0ba0afca39b
2,F,F8,F8,F8,RAT,R11,incorrect,30.9520112,politie,9.5332103,7,19,Vrouw,ASO/doorstroomfinaliteit,3-4 uren,Gemiddeld,046dc4dc-a5c8-45b1-bf8d-f0ba0afca39b
3,F,F5,F5,F5,Insight,I5,correct,23.6856401,de zon,37.6376508,3,19,Vrouw,ASO/doorstroomfinaliteit,3-4 uren,Gemiddeld,046dc4dc-a5c8-45b1-bf8d-f0ba0afca39b
3,F,F4,F4,F4,RAT,R1,incorrect,30.5854399,feest,10.3523876,6,19,Vrouw,ASO/doorstroomfinaliteit,3-4 uren,Gemiddeld,046dc4dc-a5c8-45b1-bf8d-f0ba0afca39b
3,F,F3,F3,F3,Insight,I3,correct,37.7833234,een hart,11.6406524,7,19,Vrouw,ASO/doorstroomfinaliteit,3-4 uren,Gemiddeld,046dc4dc-a5c8-45b1-bf8d-f0ba0afca39b
3,F,F1,F1,F1,RAT,R5,correct,28.1414497,vijver,14.5187907,6,19,Vrouw,ASO/doorstroomfinaliteit,3-4 uren,Gemiddeld,046dc4dc-a5c8-45b1-bf8d-f0ba0afca39b
4,F,F11,F11,F11,RAT,R8,incorrect,32.6248317,brand,10.22235,4,19,Vrouw,ASO/doorstroomfinaliteit,3-4 uren,Gemiddeld,046dc4dc-a5c8-45b1-bf8d-f0ba0afca39b
4,F,F12,F12,F12,Insight,I8,correct,32.2558303,"coach > hem > ruben >
 marit",83.9233187,6,19,Vrouw,ASO/doorstroomfinaliteit,3-4 uren,Gemiddeld,046dc4dc-a5c8-45b1-bf8d-f0ba0afca39b
4,F,F9,F9,F9,Insight,I12,incorrect,23.2408563,een plant,17.5127814,4,19,Vrouw,ASO/doorstroomfinaliteit,3-4 uren,Gemiddeld,046dc4dc-a5c8-45b1-bf8d-f0ba0afca39b
4,F,F6,F6,F6,RAT,R2,correct,13.3071256,landbouw,9.6138941,7,19,Vrouw,ASO/doorstroomfinaliteit,3-4 uren,Gemiddeld,046dc4dc-a5c8-45b1-bf8d-f0ba0afca39b
5,DFU,DFU2,DFU2,DFU2,Insight,I6,correct,37.2575257,hij is blind dus moet niet kunnen zien om te lezen,61.9539416,6,19,Vrouw,ASO/doorstroomfinaliteit,3-4 uren,Gemiddeld,046dc4dc-a5c8-45b1-bf8d-f0ba0afca39b
5,DFU,DFU11,DFU11,DFU11,Insight,I2,correct,46.1906731,een kaart,46.2877947,5,19,Vrouw,ASO/doorstroomfinaliteit,3-4 uren,Gemiddeld,046dc4dc-a5c8-45b1-bf8d-f0ba0afca39b
5,DFU,DFU10,DFU10,DFU10,Insight,I9,correct,50.3103837,omdat hij de echte had,19.8973022,2,19,Vrouw,ASO/doorstroomfinaliteit,3-4 uren,Gemiddeld,046dc4dc-a5c8-45b1-bf8d-f0ba0afca39b
5,DFU,DFU1,DFU1,DFU1,RAT,R10,correct,23.2820122,hondenles,10.0673641,5,19,Vrouw,ASO/doorstroomfinaliteit,3-4 uren,Gemiddeld,046dc4dc-a5c8-45b1-bf8d-f0ba0afca39b
6,DFU,DFU8,DFU8,DFU8,Insight,I1,correct,32.3575033,hij stond op de onderste trede van de trap,63.3187141,7,19,Vrouw,ASO/doorstroomfinaliteit,3-4 uren,Gemiddeld,046dc4dc-a5c8-45b1-bf8d-f0ba0afca39b
6,DFU,DFU7,DFU7,DFU7,RAT,R9,correct,11.2383559,brood,16.9019097,1,19,Vrouw,ASO/doorstroomfinaliteit,3-4 uren,Gemiddeld,046dc4dc-a5c8-45b1-bf8d-f0ba0afca39b
6,DFU,DFU3,DFU3,DFU3,Insight,I7,correct,29.557473,water is bevroren,59.3375989,7,19,Vrouw,ASO/doorstroomfinaliteit,3-4 uren,Gemiddeld,046dc4dc-a5c8-45b1-bf8d-f0ba0afca39b
6,DFU,DFU9,DFU9,DFU9,RAT,R3,correct,19.7277884,bulldog,8.8738615,7,19,Vrouw,ASO/doorstroomfinaliteit,3-4 uren,Gemiddeld,046dc4dc-a5c8-45b1-bf8d-f0ba0afca39b
,,,,,,,,,,,,,,,,,
,,,,,,,,,,,,,,,,,