block_number,experimental_condition,belief_id,critique_id,mc_id,task_type,task_id,response_1,reaction_time_1,response_2,reaction_time_2,response_3,age,gender,education_level (third grade),social_media_hours (daily),verbal_intelligence (self-perceived),participant_identification
1,DFU,DFU4,DFU4,DFU4,Insight,I4,incorrect,65.97042910003802,een halve minuut,101.83064090000698,4,18,Vrouw,ASO/doorstroomfinaliteit,3-4 uren,Gemiddeld,dbffb7ac-291f-4a6a-844e-ce081b995caf
1,DFU,DFU7,DFU7,DFU7,Insight,I1,incorrect,-17.279627399984747,No Response,0.01956459996290505,7,18,Vrouw,ASO/doorstroomfinaliteit,3-4 uren,Gemiddeld,dbffb7ac-291f-4a6a-844e-ce081b995caf
1,DFU,DFU5,DFU5,DFU5,RAT,R4,incorrect,63.311177399998996,valenoel,20.007917699986137,1,18,Vrouw,ASO/doorstroomfinaliteit,3-4 uren,Gemiddeld,dbffb7ac-291f-4a6a-844e-ce081b995caf
1,DFU,DFU3,DFU3,DFU3,Insight,I12,correct,78.58887139998842,vuur,44.62049150001258,7,18,Vrouw,ASO/doorstroomfinaliteit,3-4 uren,Gemiddeld,dbffb7ac-291f-4a6a-844e-ce081b995caf
2,F,F7,F7,F7,RAT,R11,incorrect,48.64624289999483,controlegezicht,20.000694299989846,1,18,Vrouw,ASO/doorstroomfinaliteit,3-4 uren,Gemiddeld,dbffb7ac-291f-4a6a-844e-ce081b995caf
2,F,F9,F9,F9,RAT,R2,correct,67.74352189997444,kaaslandhuis,20.013963599980343,1,18,Vrouw,ASO/doorstroomfinaliteit,3-4 uren,Gemiddeld,dbffb7ac-291f-4a6a-844e-ce081b995caf
2,F,F10,F10,F10,RAT,R12,correct,59.292878200009,haart,20.001092299993616,4,18,Vrouw,ASO/doorstroomfinaliteit,3-4 uren,Gemiddeld,dbffb7ac-291f-4a6a-844e-ce081b995caf
2,F,F5,F5,F5,Insight,I10,correct,28.749001000018325,2 keer die van 7 en dan nog 1 min van 11,83.90084729995579,7,18,Vrouw,ASO/doorstroomfinaliteit,3-4 uren,Gemiddeld,dbffb7ac-291f-4a6a-844e-ce081b995caf
3,F,F2,F2,F2,Insight,I3,correct,48.869869599991944,een hart,25.299168199999258,4,18,Vrouw,ASO/doorstroomfinaliteit,3-4 uren,Gemiddeld,dbffb7ac-291f-4a6a-844e-ce081b995caf
3,F,F8,F8,F8,Insight,I6,correct,56.44405029999325,doordat de letters licht geven,29.29975210002158,4,18,Vrouw,ASO/doorstroomfinaliteit,3-4 uren,Gemiddeld,dbffb7ac-291f-4a6a-844e-ce081b995caf
3,F,F1,F1,F1,Insight,I9,incorrect,52.072656199976336,toen bestonden er nog geen munten,42.80626310000662,4,18,Vrouw,ASO/doorstroomfinaliteit,3-4 uren,Gemiddeld,dbffb7ac-291f-4a6a-844e-ce081b995caf
3,F,F6,F6,F6,RAT,R9,correct,57.26415919995634,brooddoos,18.68069030001061,4,18,Vrouw,ASO/doorstroomfinaliteit,3-4 uren,Gemiddeld,dbffb7ac-291f-4a6a-844e-ce081b995caf
4,DFU,DFU1,DFU1,DFU1,RAT,R10,correct,42.790777100017294,lijband,16.767610999988392,4,18,Vrouw,ASO/doorstroomfinaliteit,3-4 uren,Gemiddeld,dbffb7ac-291f-4a6a-844e-ce081b995caf
4,DFU,DFU2,DFU2,DFU2,RAT,R6,correct,41.65750460000709,No Response,0.014135200006421655,7,18,Vrouw,ASO/doorstroomfinaliteit,3-4 uren,Gemiddeld,dbffb7ac-291f-4a6a-844e-ce081b995caf
4,DFU,DFU8,DFU8,DFU8,RAT,R7,incorrect,39.956967999984045,houtwor,20.000751600018702,4,18,Vrouw,ASO/doorstroomfinaliteit,3-4 uren,Gemiddeld,dbffb7ac-291f-4a6a-844e-ce081b995caf
4,DFU,DFU9,DFU9,DFU9,Insight,I11,correct,42.82177080004476,de zon,42.602351199951954,4,18,Vrouw,ASO/doorstroomfinaliteit,3-4 uren,Gemiddeld,dbffb7ac-291f-4a6a-844e-ce081b995caf
5,DFU,DFU10,DFU10,DFU10,Insight,I8,incorrect,67.87269529997138,"hem, 
de coach, ruben, marit",112.97007949999534,1,18,Vrouw,ASO/doorstroomfinaliteit,3-4 uren,Gemiddeld,dbffb7ac-291f-4a6a-844e-ce081b995caf
5,DFU,DFU11,DFU11,DFU11,Insight,I2,correct,28.33107909996761,de woestijn,45.73928579996573,4,18,Vrouw,ASO/doorstroomfinaliteit,3-4 uren,Gemiddeld,dbffb7ac-291f-4a6a-844e-ce081b995caf
5,DFU,DFU6,DFU6,DFU6,RAT,R8,correct,33.740196499973536,dampkap,16.902507699967828,4,18,Vrouw,ASO/doorstroomfinaliteit,3-4 uren,Gemiddeld,dbffb7ac-291f-4a6a-844e-ce081b995caf
5,DFU,DFU12,DFU12,DFU12,RAT,R3,correct,38.186374599987175,No Response,20.016108300013002,1,18,Vrouw,ASO/doorstroomfinaliteit,3-4 uren,Gemiddeld,dbffb7ac-291f-4a6a-844e-ce081b995caf
6,F,F3,F3,F3,Insight,I7,correct,48.29781369998818,over ijs,29.103846800047904,4,18,Vrouw,ASO/doorstroomfinaliteit,3-4 uren,Gemiddeld,dbffb7ac-291f-4a6a-844e-ce081b995caf
6,F,F11,F11,F11,RAT,R5,correct,30.89585850003641,mijn gele vis,15.712060199992266,4,18,Vrouw,ASO/doorstroomfinaliteit,3-4 uren,Gemiddeld,dbffb7ac-291f-4a6a-844e-ce081b995caf
6,F,F12,F12,F12,Insight,I5,correct,40.752144400030375,een piloot,40.10182740003802,4,18,Vrouw,ASO/doorstroomfinaliteit,3-4 uren,Gemiddeld,dbffb7ac-291f-4a6a-844e-ce081b995caf
6,F,F4,F4,F4,RAT,R1,correct,39.109938099980354,kruk,18.552289800019935,1,18,Vrouw,ASO/doorstroomfinaliteit,3-4 uren,Gemiddeld,dbffb7ac-291f-4a6a-844e-ce081b995caf
