block_number,experimental_condition,belief_id,critique_id,mc_id,task_type,task_id,response_1,reaction_time_1,response_2,reaction_time_2,response_3,age,gender,education_level (third grade),social_media_hours (daily),verbal_intelligence (self-perceived),participant_identification
1,DFU,DFU4,DFU4,DFU4,RAT,R8,correct,60.9482824,zuurstof,19.2393242,6,22,Vrouw,ASO/doorstroomfinaliteit,1-2 uren,Gemiddeld,25ea06cd-7904-4cdc-b511-ae0ffefb72ad
1,DFU,DFU12,DFU12,DFU12,Insight,I3,correct,42.1872995,een bot,68.3748551,6,22,Vrouw,ASO/doorstroomfinaliteit,1-2 uren,Gemiddeld,25ea06cd-7904-4cdc-b511-ae0ffefb72ad
1,DFU,DFU8,DFU8,DFU8,RAT,R3,correct,75.0626542,sneeuw,9.0149499,2,22,Vrouw,ASO/doorstroomfinaliteit,1-2 uren,Gemiddeld,25ea06cd-7904-4cdc-b511-ae0ffefb72ad
1,DFU,DFU3,DFU3,DFU3,RAT,R10,correct,65.0931599,dier,20.0053302,4,22,Vrouw,ASO/doorstroomfinaliteit,1-2 uren,Gemiddeld,25ea06cd-7904-4cdc-b511-ae0ffefb72ad
2,F,F7,F7,F7,RAT,R2,incorrect,55.6042983,platteland,15.3485816,1,22,Vrouw,ASO/doorstroomfinaliteit,1-2 uren,Gemiddeld,25ea06cd-7904-4cdc-b511-ae0ffefb72ad
2,F,F10,F10,F10,Insight,I8,correct,34.8578956,Hem > Coach > Ruben > Marit,102.2914944,2,22,Vrouw,ASO/doorstroomfinaliteit,1-2 uren,Gemiddeld,25ea06cd-7904-4cdc-b511-ae0ffefb72ad
2,F,F12,F12,F12,Insight,I4,correct,38.1135012,de letter m,28.3738906,7,22,Vrouw,ASO/doorstroomfinaliteit,1-2 uren,Gemiddeld,25ea06cd-7904-4cdc-b511-ae0ffefb72ad
2,F,F4,F4,F4,RAT,R12,correct,53.289162,materiaal,16.3069274,4,22,Vrouw,ASO/doorstroomfinaliteit,1-2 uren,Gemiddeld,25ea06cd-7904-4cdc-b511-ae0ffefb72ad
3,F,F1,F1,F1,Insight,I5,correct,39.383622,geen idee,46.0247896,7,22,Vrouw,ASO/doorstroomfinaliteit,1-2 uren,Gemiddeld,25ea06cd-7904-4cdc-b511-ae0ffefb72ad
3,F,F2,F2,F2,RAT,R11,correct,43.3819663,douane,20.0027606,4,22,Vrouw,ASO/doorstroomfinaliteit,1-2 uren,Gemiddeld,25ea06cd-7904-4cdc-b511-ae0ffefb72ad
3,F,F8,F8,F8,Insight,I9,correct,58.2701185,omdat er toen geen munten bestonden,61.8654821,4,22,Vrouw,ASO/doorstroomfinaliteit,1-2 uren,Gemiddeld,25ea06cd-7904-4cdc-b511-ae0ffefb72ad
3,F,F9,F9,F9,RAT,R9,correct,33.7898847,lunch,9.1502091,1,22,Vrouw,ASO/doorstroomfinaliteit,1-2 uren,Gemiddeld,25ea06cd-7904-4cdc-b511-ae0ffefb72ad
4,F,F3,F3,F3,RAT,R5,correct,53.957702,No Response,20.0058565,1,22,Vrouw,ASO/doorstroomfinaliteit,1-2 uren,Gemiddeld,25ea06cd-7904-4cdc-b511-ae0ffefb72ad
4,F,F6,F6,F6,Insight,I10,incorrect,66.7794466,twee maal 7 min en dan 1 minuut van de 11 minuten zandloper,85.6183127,4,22,Vrouw,ASO/doorstroomfinaliteit,1-2 uren,Gemiddeld,25ea06cd-7904-4cdc-b511-ae0ffefb72ad
4,F,F5,F5,F5,Insight,I1,correct,43.8155318,hij valt af de 1ste trede,51.2003713,4,22,Vrouw,ASO/doorstroomfinaliteit,1-2 uren,Gemiddeld,25ea06cd-7904-4cdc-b511-ae0ffefb72ad
4,F,F11,F11,F11,RAT,R6,incorrect,66.437094,No Response,20.0054638,7,22,Vrouw,ASO/doorstroomfinaliteit,1-2 uren,Gemiddeld,25ea06cd-7904-4cdc-b511-ae0ffefb72ad
5,DFU,DFU6,DFU6,DFU6,RAT,R1,incorrect,27.6521085,feestje,7.7557381,4,22,Vrouw,ASO/doorstroomfinaliteit,1-2 uren,Gemiddeld,25ea06cd-7904-4cdc-b511-ae0ffefb72ad
5,DFU,DFU7,DFU7,DFU7,Insight,I12,correct,41.2709832,vuur,16.4907018,1,22,Vrouw,ASO/doorstroomfinaliteit,1-2 uren,Gemiddeld,25ea06cd-7904-4cdc-b511-ae0ffefb72ad
5,DFU,DFU2,DFU2,DFU2,Insight,I7,incorrect,65.7070931,niet,57.0517158,6,22,Vrouw,ASO/doorstroomfinaliteit,1-2 uren,Gemiddeld,25ea06cd-7904-4cdc-b511-ae0ffefb72ad
5,DFU,DFU10,DFU10,DFU10,Insight,I2,correct,52.4492568,geen idee,69.7211622,6,22,Vrouw,ASO/doorstroomfinaliteit,1-2 uren,Gemiddeld,25ea06cd-7904-4cdc-b511-ae0ffefb72ad
6,DFU,DFU1,DFU1,DFU1,Insight,I6,correct,55.3844613,braille lezen,10.2402231,3,22,Vrouw,ASO/doorstroomfinaliteit,1-2 uren,Gemiddeld,25ea06cd-7904-4cdc-b511-ae0ffefb72ad
6,DFU,DFU11,DFU11,DFU11,RAT,R7,correct,45.407122,No Response,20.0009696,7,22,Vrouw,ASO/doorstroomfinaliteit,1-2 uren,Gemiddeld,25ea06cd-7904-4cdc-b511-ae0ffefb72ad
6,DFU,DFU9,DFU9,DFU9,Insight,I11,correct,21.2717344,temperatuur,19.2082621,5,22,Vrouw,ASO/doorstroomfinaliteit,1-2 uren,Gemiddeld,25ea06cd-7904-4cdc-b511-ae0ffefb72ad
6,DFU,DFU5,DFU5,DFU5,RAT,R4,correct,33.9969074,water,11.889442,2,22,Vrouw,ASO/doorstroomfinaliteit,1-2 uren,Gemiddeld,25ea06cd-7904-4cdc-b511-ae0ffefb72ad